insert into currencies (created_by, last_update_date_time, time_created, updated_by, code, enabled, is_base_currency, name)
values ( 1, '2022-04-06 22:00:47', '2022-03-22 04:49:41', 1, 'USDT', true, true, 'USD Tether');
insert into currencies (created_by, last_update_date_time, time_created, updated_by, code,  enabled, is_base_currency, name)
values ( 2, '2022-04-06 22:00:47', '2022-03-22 04:49:41', 2, 'SEK', true, false, 'Two River Bancorp');
insert into currencies (created_by, last_update_date_time, time_created, updated_by, code,  enabled, is_base_currency, name)
values (3, '2022-04-06 22:00:47', '2022-03-22 04:49:41', 3, 'AZN', true, false, 'Consumer Portfolio Services, Inc.');
insert into currencies ( created_by, last_update_date_time, time_created, updated_by, code,  enabled, is_base_currency, name)
values (4, '2022-04-06 22:00:47', '2022-03-22 04:49:41', 4, 'EUR', true, true, 'Associated Capital Group, Inc.');
insert into currencies (created_by, last_update_date_time, time_created, updated_by, code,  enabled, is_base_currency, name)
values (5, '2022-04-06 22:00:47', '2022-03-22 04:49:41', 5, 'ETH', true, false, 'Ethereum');


insert into currency_rates (enabled, created_by, last_update_date_time, time_created, updated_by, rate, time_stamp, base_currency_id, currency_id)
values ( true, 2, '2022-01-24 21:29:20', '2022-07-11 19:02:44', 2, 89, '2022-10-22 03:54:24', 1, 2);
insert into currency_rates (enabled,created_by, last_update_date_time, time_created, updated_by, rate, time_stamp, base_currency_id, currency_id)
values (true, 3, '2022-08-07 00:21:02', '2022-10-21 11:12:55', 3, 58, '2022-03-05 21:19:12', 1, 3);
insert into currency_rates ( enabled,created_by, last_update_date_time, time_created, updated_by, rate, time_stamp, base_currency_id, currency_id)
values ( true, 4, '2022-06-16 20:15:10', '2022-06-26 23:10:00', 4, 99, '2022-04-11 07:10:33', 1, 4);
insert into currency_rates (enabled,created_by, last_update_date_time, time_created, updated_by, rate, time_stamp, base_currency_id, currency_id)
values (true, 5, '2022-08-21 17:36:46', '2021-12-20 18:05:37', 5, 37, '2022-11-07 13:51:36', 1, 5);


insert into traders ( created_by, last_update_date_time, time_created, updated_by, email, enabled, first_name, gender, last_name, pass_word, phone, user_name)
values (1, '2022-04-06 22:00:47', '2022-03-22 04:49:41', 1, 'eyearby0@deviantart.com', 'true', 'Göran', 'FEMALE', 'Yearby', 'He7AMdE', '191-105-0894', 'tyearby0');
insert into traders ( created_by, last_update_date_time, time_created, updated_by, email, enabled, first_name, gender, last_name, pass_word, phone, user_name)
values ( 2, '2022-04-06 22:00:47', '2022-03-22 04:49:41', 2, 'nzammett1@dailymotion.com', 'true', 'Gaïa', 'FEMALE', 'Zammett', 'JkDPpOvIQU', '607-869-1444', 'vzammett1');
insert into traders (created_by, last_update_date_time, time_created, updated_by, email, enabled, first_name, gender, last_name, pass_word, phone, user_name)
values (3, '2022-04-06 22:00:47', '2022-03-22 04:49:41', 3, 'ldikle2@acquirethisname.com', 'true', 'Marylène', 'MALE', 'Dikle', 'XKSh5Fv', '148-162-3418', 'hdikle2');
insert into traders ( created_by, last_update_date_time, time_created, updated_by, email, enabled, first_name, gender, last_name, pass_word, phone, user_name)
values (4, '2022-04-06 22:00:47', '2022-03-22 04:49:41', 4, 'aprantl3@fastcompany.com', 'true', 'Clémentine', 'MALE', 'Prantl', 'IXa4E7p7xF', '113-233-9198', 'hprantl3');
insert into traders (created_by, last_update_date_time, time_created, updated_by, email, enabled, first_name, gender, last_name, pass_word, phone, user_name)
values ( 5, '2022-04-06 22:00:47', '2022-03-22 04:49:41', 5, 'utrenbay4@go.com', 'true', 'Bérangère', 'MALE', 'Trenbay', 'iB6gYGT', '726-339-0022', 'ptrenbay4');
insert into traders ( created_by, last_update_date_time, time_created, updated_by, email, enabled, first_name, gender, last_name, pass_word, phone, user_name)

values (6, '2022-04-06 22:00:47', '2022-03-22 04:49:41', 6, 'phounsome5@cbslocal.com', 'true', 'Desirée', 'FEMALE', 'Hounsome', 'NLWBMtZ3pT', '563-770-2717', 'fhounsome5');
insert into traders (created_by, last_update_date_time, time_created, updated_by, email, enabled, first_name, gender, last_name, pass_word, phone, user_name)
values ( 7, '2022-04-06 22:00:47', '2022-03-22 04:49:41', 7, 'lfarries6@parallels.com', 'true', 'Léandre', 'MALE', 'Farries', 'sijkmKci', '749-620-0645', 'pfarries6');
insert into traders (created_by, last_update_date_time, time_created, updated_by, email, enabled, first_name, gender, last_name, pass_word, phone, user_name)
values (8, '2022-04-06 22:00:47', '2022-03-22 04:49:41', 8, 'rgioan7@va.gov', 'true', 'Estée', 'FEMALE', 'Gioan', 'dPaSGb2D', '463-164-2976', 'agioan7');
insert into traders (created_by, last_update_date_time, time_created, updated_by, email, enabled, first_name, gender, last_name, pass_word, phone, user_name)
values (9, '2022-04-06 22:00:47', '2022-03-22 04:49:41', 9, 'mellam8@twitpic.com', 'true', 'Loïs', 'FEMALE', 'Ellam', 'dUbuoz', '925-713-3205', 'lellam8');
insert into traders ( created_by, last_update_date_time, time_created, updated_by, email, enabled, first_name, gender, last_name, pass_word, phone, user_name)
values ( 10, '2022-04-06 22:00:47', '2022-03-22 04:49:41', 10, 'sbattman9@1und1.de', 'true', 'Thérèse', 'FEMALE', 'Battman', 'IqIGgka', '437-917-4507', 'rbattman9');
insert into traders (created_by, last_update_date_time, time_created, updated_by, email, enabled, first_name, gender, last_name, pass_word, phone, user_name)
values ( 11, '2022-04-06 22:00:47', '2022-03-22 04:49:41', 11, 'jperritta@auda.org.au', 'true', 'Wá', 'MALE', 'Perritt', '3vR4JZTRNus4', '282-650-5890', 'fperritta');
insert into traders (created_by, last_update_date_time, time_created, updated_by, email, enabled, first_name, gender, last_name, pass_word, phone, user_name)
values ( 12, '2022-04-06 22:00:47', '2022-03-22 04:49:41', 12, 'cwarkupb@hugedomains.com', 'true', 'Eugénie', 'MALE', 'Warkup', 'IoGI3W51iC', '701-108-3804', 'kwarkupb');
insert into traders ( created_by, last_update_date_time, time_created, updated_by, email, enabled, first_name, gender, last_name, pass_word, phone, user_name)
values (13, '2022-04-06 22:00:47', '2022-03-22 04:49:41', 13, 'cforrestorc@fastcompany.com', 'true', 'Kuí', 'FEMALE', 'Forrestor', 'AFQX2nmuWps', '571-356-6547', 'sforrestorc');
insert into traders ( created_by, last_update_date_time, time_created, updated_by, email, enabled, first_name, gender, last_name, pass_word, phone, user_name)
values (14, '2022-04-06 22:00:47', '2022-03-22 04:49:41', 14, 'lloundd@jugem.jp', 'true', 'Hélèna', 'MALE', 'Lound', 'Yxc3Npm', '539-517-9787', 'gloundd');
insert into traders (created_by, last_update_date_time, time_created, updated_by, email, enabled, first_name, gender, last_name, pass_word, phone, user_name)
values ( 15, '2022-04-06 22:00:47', '2022-03-22 04:49:41', 15, 'aeadmeade@baidu.com', 'true', 'Mélodie', 'MALE', 'Eadmead', 'Oa9pYsQT', '730-536-5837', 'keadmeade');
insert into traders ( created_by, last_update_date_time, time_created, updated_by, email, enabled, first_name, gender, last_name, pass_word, phone, user_name)
values ( 16, '2022-04-06 22:00:47', '2022-03-22 04:49:41', 16, 'cbiasionif@mit.edu', 'true', 'Clémence', 'FEMALE', 'Biasioni', 'MRK93MvVoa', '260-802-3920', 'abiasionif');
insert into traders ( created_by, last_update_date_time, time_created, updated_by, email, enabled, first_name, gender, last_name, pass_word, phone, user_name)
values (17, '2022-04-06 22:00:47', '2022-03-22 04:49:41', 17, 'kdroghang@sina.com.cn', 'true', 'Vérane', 'MALE', 'Droghan', 'h0VUhI', '435-446-0488', 'ldroghang');
insert into traders ( created_by, last_update_date_time, time_created, updated_by, email, enabled, first_name, gender, last_name, pass_word, phone, user_name)
values ( 18, '2022-04-06 22:00:47', '2022-03-22 04:49:41', 18, 'nstanbrookeh@moonfruit.com', 'true', 'Andréa', 'FEMALE', 'Stanbrooke', 'kFgqqg7', '205-507-6758', 'wstanbrookeh');
insert into traders ( created_by, last_update_date_time, time_created, updated_by, email, enabled, first_name, gender, last_name, pass_word, phone, user_name)
values (19, '2022-04-06 22:00:47', '2022-03-22 04:49:41', 19, 'hhawksbyi@surveymonkey.com', 'true', 'Lèi', 'MALE', 'Hawksby', 'kgP2El9dC', '713-344-0948', 'mhawksbyi');
insert into traders ( created_by, last_update_date_time, time_created, updated_by, email, enabled, first_name, gender, last_name, pass_word, phone, user_name)
values ( 20, '2022-04-06 22:00:47', '2022-03-22 04:49:41', 20, 'vholahj@google.it', 'true', 'Dù', 'FEMALE', 'Holah', 'sXjuLO2cB', '430-372-1740', 'eholahj');


insert into wallet (created_by, last_update_date_time, time_created, updated_by, account_no, enabled, quantity, base_currency_id, currency_id, trader_id) values ( 1, '2022-04-06 22:00:47', '2022-03-22 04:49:41', 1, '1Ao4Qy6TtWsDSYJKrV8aSPytLod9Pcqnaw', true, 8.1, 3, 1, 1);
insert into wallet (created_by, last_update_date_time, time_created, updated_by, account_no, enabled, quantity, base_currency_id, currency_id, trader_id) values ( 1, '2022-04-06 22:00:47', '2022-03-22 04:49:41', 1, '19rd2wqa8B413FJMyBUKJwRVqMTADGmL7W', 'true', 100.345, 3, 2, 1);
insert into wallet (created_by, last_update_date_time, time_created, updated_by, account_no, enabled, quantity, base_currency_id, currency_id, trader_id) values (1, '2022-04-06 22:00:47', '2022-03-22 04:49:41', 1, '1PowRjMPZ8cMULmfdp6RpKcZBLL1pgrLhx', 'true',50.345, 3, 2, 2);
insert into wallet ( created_by, last_update_date_time, time_created, updated_by, account_no, enabled, quantity, base_currency_id, currency_id, trader_id) values ( 1, '2022-04-06 22:00:47', '2022-03-22 04:49:41', 1, '1MDW5CP4M56iN8d4L55W1ASfyAcfgWVwgb', 'true',1.234, 3, 1, 3);
insert into wallet ( created_by, last_update_date_time, time_created, updated_by, account_no, enabled, quantity, base_currency_id, currency_id, trader_id) values ( 1, '2022-04-06 22:00:47', '2022-03-22 04:49:41', 1, '16n8StFzZ2c5D57iUWobv8aMPRxjBdwXWA', 'true', 456789, 1, 5, 4);
insert into wallet (created_by, last_update_date_time, time_created, updated_by, account_no, enabled, quantity, base_currency_id, currency_id, trader_id) values ( 1, '2022-04-06 22:00:47', '2022-03-22 04:49:41', 2, '1HY2X6KTHt7MaUqGEfzfkUPndsSKCeagfM', 'true', 3000, 1, 4, 5);
insert into wallet ( created_by, last_update_date_time, time_created, updated_by, account_no, enabled, quantity, base_currency_id, currency_id, trader_id) values ( 1, '2022-04-06 22:00:47', '2022-03-22 04:49:41', 2, '1H8AoTyf8QygPs7Nvo2TTyikdnLiDw27eA', 'true', 789111, 1, 5, 6);
insert into wallet ( created_by, last_update_date_time, time_created, updated_by, account_no, enabled, quantity, base_currency_id, currency_id, trader_id) values ( 1, '2022-04-06 22:00:47', '2022-03-22 04:49:41', 2, '167EC9XcfbLT9zSjVGRtk1Wc3ETfYde6bJ', 'true', 12345, 1, 2, 20);
insert into wallet ( created_by, last_update_date_time, time_created, updated_by, account_no, enabled, quantity, base_currency_id, currency_id, trader_id) values ( 1, '2022-04-06 22:00:47', '2022-03-22 04:49:41', 2, '1NBVppDZBpG4ExEMBd1GCFvXvYWYLyUpyW', 'true', 189, 3, 2, 5);
insert into wallet ( created_by, last_update_date_time, time_created, updated_by, account_no, enabled, quantity, base_currency_id, currency_id, trader_id) values ( 1, '2022-04-06 22:00:47', '2022-03-22 04:49:41', 2, '16wmtTiVZmsBHr86QwAqEBV4CmmVnftRgr', 'true', 76, 3, 2, 7);
insert into wallet ( created_by, last_update_date_time, time_created, updated_by, account_no,enabled, quantity, base_currency_id, currency_id, trader_id) values ( 1, '2022-04-06 22:00:47', '2022-03-22 04:49:41', 2, '1LSKtixBYeJELWuDsgWWxPX2HKASNvboiZ', 'true',38, 3, 2, 19);
insert into wallet ( created_by, last_update_date_time, time_created, updated_by, account_no, enabled, quantity, base_currency_id, currency_id, trader_id) values ( 1, '2022-04-06 22:00:47', '2022-03-22 04:49:41', 2, '19LCgezTLQh9j1PsyoeCTELA9TA4vCAZUu', 'true', 11, 3, 2, 8);
insert into wallet ( created_by, last_update_date_time, time_created, updated_by, account_no, enabled, quantity, base_currency_id, currency_id, trader_id) values ( 1, '2022-04-06 22:00:47', '2022-03-22 04:49:41', 1, '1MwLQiRqbuHFspmhZ4JQrTCMbBrntDE9VJ', 'true', 91, 3, 2, 9);
insert into wallet ( created_by, last_update_date_time, time_created, updated_by, account_no, enabled, quantity, base_currency_id, currency_id, trader_id) values ( 1, '2022-04-06 22:00:47', '2022-03-22 04:49:41', 1, '1MaNvyYTAVx7wBBQab5Wa78mSofsAk3Sym', 'true', 2.345, 3, 1, 18);
insert into wallet ( created_by, last_update_date_time, time_created, updated_by, account_no, enabled, quantity, base_currency_id, currency_id, trader_id) values ( 1, '2022-04-06 22:00:47', '2022-03-22 04:49:41', 1, '19zcfd6bVSDqYSxN7hMVpktPqm6hEcaHzN', 'true', 3.23, 3, 1, 10);
insert into wallet ( created_by, last_update_date_time, time_created, updated_by, account_no, enabled, quantity, base_currency_id, currency_id, trader_id) values ( 1, '2022-04-06 22:00:47', '2022-03-22 04:49:41', 1, '17vC8U3y2WfdPGtc7MF7PrFXmsApJhked6', 'true', 23, 3, 1, 11);
insert into wallet ( created_by, last_update_date_time, time_created, updated_by, account_no, enabled, quantity, base_currency_id, currency_id, trader_id) values ( 1, '2022-04-06 22:00:47', '2022-03-22 04:49:41', 1, '17QoQ6ENzd1rbsC2t2eozPi8pJwbfR8d8y', 'true', 234, 3, 4, 10);
insert into wallet ( created_by, last_update_date_time, time_created, updated_by, account_no, enabled, quantity, base_currency_id, currency_id, trader_id) values ( 1, '2022-04-06 22:00:47', '2022-03-22 04:49:41', 1, '17ie2XMyEpQvjXnfwLExNCRsbLmdw1M5te', 'true', 12, 3, 2, 10);
insert into wallet ( created_by, last_update_date_time, time_created, updated_by, account_no, enabled, quantity, base_currency_id, currency_id, trader_id) values ( 1, '2022-04-06 22:00:47', '2022-03-22 04:49:41', 1, '1GnvsTJVWixbRxUk6bnwHEZmFkP13TymY6', 'true', 98, 1, 4, 12);
insert into wallet ( created_by, last_update_date_time, time_created, updated_by, account_no, enabled, quantity, base_currency_id, currency_id, trader_id) values ( 2, '2022-04-06 22:00:47', '2022-03-22 04:49:41', 2, '1Cpygz19M5S1GWrrU2yZyaQSa5ci8ABKif', 'true', 34, 1, 5, 13);
insert into wallet ( created_by, last_update_date_time, time_created, updated_by, account_no, enabled, quantity, base_currency_id, currency_id, trader_id) values ( 2, '2022-04-06 22:00:47', '2022-03-22 04:49:41', 2, '1NJ9MZgXtTxw5zsyzWhUedSm74BC1oo1zf', 'true', 2341176, 3,5, 14);
insert into wallet ( created_by, last_update_date_time, time_created, updated_by, account_no, enabled, quantity, base_currency_id, currency_id, trader_id) values ( 2, '2022-04-06 22:00:47', '2022-03-22 04:49:41', 2, '1BS7pvyX2JsPFCZ7cYJBznw9hUXbKaSSJ9', 'true', 11, 3, 2, 15);
insert into wallet ( created_by, last_update_date_time, time_created, updated_by, account_no, enabled, quantity, base_currency_id, currency_id, trader_id) values ( 2, '2022-04-06 22:00:47', '2022-03-22 04:49:41', 2, '115yDHTgtSQzH5sSfsQwvxzW6AR2gAyu9d', 'true', 123, 3, 2, 16);
insert into wallet ( created_by, last_update_date_time, time_created, updated_by, account_no, enabled, quantity, base_currency_id, currency_id, trader_id) values ( 2, '2022-04-06 22:00:47', '2022-03-22 04:49:41', 2, '1DaCwxkox4dKBPZUj1aRviraHmpAKzxPZa', 'true', 654, 3, 2, 17);

insert into trade( enabled,created_by, last_update_date_time, time_created, updated_by,buyer_id,seller_id, currency_rate_id,quantity) values (true,2, '2022-04-06 22:00:47', '2022-03-22 04:49:41', 2,2,3,2,12);
insert into trade( enabled,created_by, last_update_date_time, time_created, updated_by,buyer_id,seller_id, currency_rate_id,quantity) values (true,2, '2022-04-06 22:00:47', '2022-03-22 04:49:41', 2,3,2,2,13);
insert into trade( enabled,created_by, last_update_date_time, time_created, updated_by,buyer_id,seller_id, currency_rate_id,quantity) values (true,2, '2022-04-06 22:00:47', '2022-03-22 04:49:41', 2,4,5,2,5);
insert into trade( enabled,created_by, last_update_date_time, time_created, updated_by,buyer_id,seller_id, currency_rate_id,quantity) values (true,2, '2022-04-06 22:00:47', '2022-03-22 04:49:41', 2,8,6,2,4);